{"cameraMode":{"drawMode":0,"name":"Shaded","section":"Shading Mode"},"sceneLighting":false,"audioPlay":false,"sceneViewState":{"showFog":true,"showMaterialUpdate":false,"showSkybox":false,"showFlares":true,"showImageEffects":true,"showParticleSystems":true},"in2DMode":false,"pivot":{"x":-2.4999961853027345,"y":0.020375721156597139,"z":-2.499988555908203},"rotation":{"x":0.5043939352035523,"y":-0.4883890450000763,"z":0.439603716135025,"w":0.5603187084197998},"size":25.770633697509767,"orthographic":false}