{"cameraMode":{"drawMode":0,"name":"Shaded","section":"Shading Mode"},"sceneLighting":true,"audioPlay":false,"sceneViewState":{"showFog":true,"showMaterialUpdate":false,"showSkybox":true,"showFlares":true,"showImageEffects":true,"showParticleSystems":true},"in2DMode":false,"pivot":{"x":0.2243194580078125,"y":-3.475020408630371,"z":6.120769023895264},"rotation":{"x":-0.3060152530670166,"y":0.6458934545516968,"z":-0.31704410910606387,"w":-0.6234256029129028},"size":16.22852897644043,"orthographic":false}