{"cameraMode":{"drawMode":0,"name":"Shaded","section":"Shading Mode"},"sceneLighting":true,"audioPlay":false,"sceneViewState":{"showFog":true,"showMaterialUpdate":false,"showSkybox":true,"showFlares":true,"showImageEffects":true,"showParticleSystems":true},"in2DMode":false,"pivot":{"x":-40.2386360168457,"y":4.9340620040893559,"z":-33.403419494628909},"rotation":{"x":0.0009065619087778032,"y":0.9910058975219727,"z":0.00864704791456461,"w":-0.13428491353988648},"size":22.0,"orthographic":false}